{"cameraMode":{"drawMode":0,"name":"Shaded","section":"Shading Mode"},"sceneLighting":true,"audioPlay":false,"sceneViewState":{"showFog":true,"showMaterialUpdate":false,"showSkybox":true,"showFlares":true,"showImageEffects":true,"showParticleSystems":true},"in2DMode":false,"pivot":{"x":6.78564977645874,"y":1.6844582557678223,"z":-1.3608907461166382},"rotation":{"x":-0.14378836750984193,"y":0.016918780282139779,"z":-0.0024583926424384119,"w":-0.9894620776176453},"size":20.107877731323243,"orthographic":false}